Language,Program,Powercap,Package,Core,GPU,DRAM,Time,Temperature,Memory
C, ack_std_np_py_312, -1, 924.028320312500000000, 752.632812500000000000, 0.023681640625000000, 0.000000000000000000, 48255.7, 35.1, 16156
C, ack_std_np_py_312, -1, 930.156250000000000000, 758.710876464843750000, 0.033142089843750000, 0.000000000000000000, 48226.7, 35.0, 16156
C, ack_std_np_py_312, -1, 907.874694824218750000, 735.195190429687500000, 0.025329589843750000, 0.000000000000000000, 48904.9, 34.6, 16156
C, ack_std_np_py_312, -1, 919.703735351562500000, 748.848266601562500000, 0.021789550781250000, 0.000000000000000000, 48283.6, 35.0, 16156
C, ack_std_np_py_312, -1, 900.002136230468750000, 721.202514648437500000, 0.019226074218750000, 0.000000000000000000, 50008, 34.6, 16156
