Language,Program,Powercap,Package,Core,GPU,DRAM,Time,Temperature,Memory
Python, ack_std_p7_py_312, 7, 708.561523437500000000, 358.280212402343750000, 0.023925781250000000, 0.000000000000000000, 101237, 34.6, 16332
Python, ack_std_p7_py_312, 7, 699.253723144531250000, 354.748474121093750000, 0.022277832031250000, 0.000000000000000000, 99885.5, 35.1, 16332
Python, ack_std_p7_py_312, 7, 707.237060546875000000, 357.544494628906250000, 0.063415527343750000, 0.000000000000000000, 101029, 35.2, 16332
Python, ack_std_p7_py_312, 7, 721.092285156250000000, 361.456054687500000000, 0.018676757812500000, 0.000000000000000000, 102947, 33.6, 16332
Python, ack_std_p7_py_312, 7, 719.125976562500000000, 358.481506347656250000, 0.021667480468750000, 0.000000000000000000, 102730, 34.6, 16332
